CREATE TABLE SALESMAN (
    Salesman_id INTEGER PRIMARY KEY,
    Name VARCHAR(50) NOT NULL,
    City VARCHAR(50) NOT NULL,
    Commission INTEGER NOT NULL
);

CREATE TABLE CUSTOMER (
    Customer_id INTEGER PRIMARY KEY,
    Cust_Name VARCHAR(50) NOT NULL,
    City VARCHAR(50) NOT NULL
);

CREATE TABLE ORDERS (
    Ord_No INTEGER PRIMARY KEY,
    Purchase_Amt REAL NOT NULL,
    Ord_Date DATE NOT NULL,
    Customer_id INTEGER NOT NULL,
    Salesman_id INTEGER NOT NULL,
    FOREIGN KEY (Customer_id) REFERENCES CUSTOMER(Customer_id),
    FOREIGN KEY (Salesman_id) REFERENCES SALESMAN(Salesman_id)
);
-- Insert data into SALESMAN
INSERT INTO SALESMAN VALUES (1, 'John Doe', 'New York', 500);
INSERT INTO SALESMAN VALUES (2, 'Jane Smith', 'Los Angeles', 700);
INSERT INTO SALESMAN VALUES (3, 'Mike Brown', 'Chicago', 450);
INSERT INTO SALESMAN VALUES (4, 'Sara Davis', 'Houston', 600);
INSERT INTO SALESMAN VALUES (5, 'Anna White', 'Phoenix', 800);

-- Insert data into CUSTOMER
INSERT INTO CUSTOMER VALUES (101, 'Alice', 'New York');
INSERT INTO CUSTOMER VALUES (102, 'Bob', 'Los Angeles');
INSERT INTO CUSTOMER VALUES (103, 'Charlie', 'Chicago');
INSERT INTO CUSTOMER VALUES (104, 'David', 'Houston');
INSERT INTO CUSTOMER VALUES (105, 'Eva', 'Phoenix');

-- Insert data into ORDERS
INSERT INTO ORDERS VALUES (201, 1500.50, '2023-06-15', 101, 1);
INSERT INTO ORDERS VALUES (202, 2300.75, '2022-08-20', 102, 2);
INSERT INTO ORDERS VALUES (203, 3200.00, '2018-11-05', 103, 3);
INSERT INTO ORDERS VALUES (204, 500.25, '2020-03-10', 104, 4);
INSERT INTO ORDERS VALUES (205, 4500.90, '2023-01-25', 105, 5);

SELECT * FROM ORDERS;

SELECT Customer_id, Cust_Name
FROM CUSTOMER;

SELECT Salesman_id, Name, Commission
FROM SALESMAN
WHERE Commission = (SELECT MAX(Commission) FROM SALESMAN);

SELECT Ord_No, Purchase_Amt, Ord_Date, Customer_id, Salesman_id
FROM ORDERS
ORDER BY Purchase_Amt DESC;

SELECT DISTINCT C.Customer_id, C.Cust_Name, C.City
FROM CUSTOMER C
JOIN SALESMAN S ON C.City = S.City;

DELETE FROM ORDERS
WHERE Ord_Date < '2018-01-01'
SELECT * FROM ORDERS;